{
  "artifact_version": "4.0.0-opssat",
  "source": "OPSSAT-AD v2",
  "doi": "10.5281/zenodo.15108715",
  "license": "CC BY 4.0",
  "thresholds": {
    "isolation": 40.0,
    "supervised": 49.5,
    "hybrid": 49.0
  },
  "hybrid_weights": {
    "isolation": 0.42,
    "supervised": 0.58
  },
  "numeric_features": [
    "sampling",
    "duration",
    "len",
    "mean",
    "var",
    "std",
    "kurtosis",
    "skew",
    "n_peaks",
    "smooth10_n_peaks",
    "smooth20_n_peaks",
    "diff_peaks",
    "diff2_peaks",
    "diff_var",
    "diff2_var",
    "gaps_squared",
    "len_weighted",
    "var_div_duration",
    "var_div_len"
  ],
  "feature_schema": [
    "segment",
    "anomaly",
    "train",
    "channel",
    "sampling",
    "duration",
    "len",
    "mean",
    "var",
    "std",
    "kurtosis",
    "skew",
    "n_peaks",
    "smooth10_n_peaks",
    "smooth20_n_peaks",
    "diff_peaks",
    "diff2_peaks",
    "diff_var",
    "diff2_var",
    "gaps_squared",
    "len_weighted",
    "var_div_duration",
    "var_div_len"
  ],
  "official_train_rows": 1594,
  "official_test_rows": 529,
  "internal_fit_rows": 1195,
  "internal_validation_rows": 399,
  "channels": [
    "CADC0872",
    "CADC0873",
    "CADC0874",
    "CADC0884",
    "CADC0886",
    "CADC0888",
    "CADC0890",
    "CADC0892",
    "CADC0894"
  ],
  "training_channel_distribution": {
    "CADC0873": 0.27603513174404015,
    "CADC0872": 0.25972396486825594,
    "CADC0888": 0.11794228356336262,
    "CADC0892": 0.09912170639899624,
    "CADC0874": 0.0890840652446675,
    "CADC0884": 0.07653701380175659,
    "CADC0894": 0.06963613550815559,
    "CADC0890": 0.0075282308657465494,
    "CADC0886": 0.00439146800501882
  },
  "random_state": 42,
  "threshold_selection": "Stratified internal validation subset from official training split",
  "test_metrics": [
    {
      "Model": "OPSSAT Isolation Forest",
      "Precision": 0.4444444444444444,
      "Recall": 0.46017699115044247,
      "F1": 0.45217391304347826,
      "MCC": 0.3001329098222038,
      "PR-AUC": 0.45897339353100136,
      "ROC-AUC": 0.7285568413886998,
      "False Alarms / 1000": 156.25,
      "TN": 351,
      "FP": 65,
      "FN": 61,
      "TP": 52,
      "Threshold": 40.0
    },
    {
      "Model": "OPSSAT Supervised Random Forest",
      "Precision": 0.9528301886792453,
      "Recall": 0.8938053097345132,
      "F1": 0.9223744292237442,
      "MCC": 0.9028716343319871,
      "PR-AUC": 0.9688142956336255,
      "ROC-AUC": 0.988321136827774,
      "False Alarms / 1000": 12.01923076923077,
      "TN": 411,
      "FP": 5,
      "FN": 12,
      "TP": 101,
      "Threshold": 49.5
    },
    {
      "Model": "OPSSAT Hybrid",
      "Precision": 0.956989247311828,
      "Recall": 0.7876106194690266,
      "F1": 0.8640776699029126,
      "MCC": 0.8376799200428618,
      "PR-AUC": 0.9382557373334678,
      "ROC-AUC": 0.9712708475153166,
      "False Alarms / 1000": 9.615384615384617,
      "TN": 412,
      "FP": 4,
      "FN": 24,
      "TP": 89,
      "Threshold": 49.0
    }
  ],
  "official_test_event_metrics": {
    "True Events": 107,
    "Predicted Events": 92,
    "Detected Events": 88,
    "Missed Events": 19,
    "False Alert Events": 4,
    "Event Precision": 0.9565217391304348,
    "Event Recall": 0.822429906542056,
    "Event F1": 0.8844221105527639
  },
  "packaged_artifacts": {
    "combined_model": "models/opssat_model.joblib",
    "isolation_bundle": "models/opssat_isolation_bundle.joblib",
    "supervised_bundle": "models/opssat_supervised_bundle.joblib",
    "feature_columns": "models/opssat_feature_columns.json"
  }
}